Workbook

Sheet Config
A1: Dịch vụ | D1: Trạng thái | G1: Loại thẻ/Tài khoản | J1: Kênh thanh toán | M1: Trạng thái trả góp của CTT | P1: Loại giao dịch | S1: Nguồn tiền | V1: Kênh thanh toán KTS | Y1: Trạng thái trả góp SmartPOS
A2: 1 | B2: QR | D2: 1 | E2: Thành công | G2: 01 | H2: Tài khoản nội địa | J2: 02 | K2: QR-Cổng | M2: 00 | N2: Chuyển đổi thành công | P2: 01 | Q2: Giao dịch thường | S2: 01 | T2: Thẻ nội địa/tài khoản ngân hàng | V2: 1 | W2: VNPAY | Y2: 0 | Z2: Khởi tạo
A3: 2 | B3: CTT | D3: 2 | E3: Không thành công | G3: 02 | H3: Visa | J3: 04 | K3: QR-Billing | M3: 01 | N3: Chờ chuyển đổi | P3: 02 | Q3: Giao dịch hoàn | S3: 02 | T3: Thẻ Quốc tế phát hành trong nước | V3: 2 | W3: APPLE PAY | Y3: 1 | Z3: Chờ chuyển đổi
A4: 3 | B4: SmartPOS | D4: 3 | E4: Nghi vấn | G4: 03 | H4: Thẻ nội địa | J4: 05 | K4: QR-Sản phẩm | M4: 02 | N4: Đã gửi Bank chuyển đổi | P4: 03 | Q4: Giao dịch hoàn | S4: 03 | T4: Thẻ Quốc tế phát hành nước ngoài | V4: 3 | W4: GOOGLE PAY | Y4: 2 | Z4: Đã gửi bank chuyển đổi
A5: 4 | B5: PhonePOS | D5: 4 | E5: Hủy không thành công | G5: 04 | H5: Unionpay | J5: 06 | K5: QR-Offline | M5: 03 | N5: Chuyển đổi không thành công | P5: 04 | Q5: Giao dịch trả góp | S5: 04 | T5: Ví điện tử | Y5: 3 | Z5: Đang xử lý hủy
D6: 5 | E6: Hủy thành công | G6: 05 | H6: Master | J6: 09 | K6: QR-Customer | M6: 04 | N6: Huỷ chuyển đổi | P6: 05 | Q6: Giao dịch Định kỳ | S6: 05 | T6: Digital Pay - Thẻ nội địa | Y6: 4 | Z6: Đang xử lý hủy
D7: 6 | E7: Đang thực hiện | G7: 06 | H7: Jcb | J7: 1 | K7: Thanh toán qua web | M7: 05 | N7: Chưa xác định | P7: 06 | Q7: Giao dịch Authorize | S7: 06 | T7: Digital Pay - Thẻ Quốc tế phát hành trong nước | Y7: 6 | Z7: Chuyển đổi thành công
D8: 8 | E8: Hết hạn thanh toán | G8: 07 | H8: Tài khoản ví | J8: 2 | K8: Thanh toán qua token | P8: 07 | Q8: Giao dịch Capture | S8: 07 | T8: Digital Pay - Thẻ Quốc tế phát hành nước ngoài | Y8: 7 | Z8: Chuyển đổi không thành công
G9: 09 | H9: Thẻ Amex | J9: 3 | K9: Thanh toán qua Qrcode | P9: 08 | Q9: BPSP | S9: 08 | T9: Thẻ quốc tế phát hành nước ngoài | Y9: 70 | Z9: Hủy không thành công
G10: 10 | H10: Thẻ Diners club | P10: 1 | Q10: Giao dịch thường | S10: 09 | T10: Thẻ quốc tế phát hành trong nước | Y10: 71 | Z10: Hủy chuyển đổi
G11: 12 | H11: Thẻ VNPAY | P11: 2 | Q11: Giao dịch hoàn | S11: 10 | T11: Thẻ ghi nợ nội địa | Y11: 72 | Z11: Hủy chuyển đổi
G12: 13 | H12: Ví trả sau | P12: 3 | Q12: Giao dịch hoàn | S12: 11 | T12: Thẻ tín dụng nội địa | Y12: 73 | Z12: Hủy chuyển đổi
G13: ACC | H13: Tài khoản nội địa | P13: 4 | Q13: Giao dịch trả góp | Y13: 5 | Z13: Chưa xác định
G14: VISA | H14: Visa | P14: 5 | Q14: Giao dịch Định kỳ
G15: ATM | H15: Thẻ nội địa | P15: 6 | Q15: Giao dịch Authorize
G16: UPI | H16: Unionpay | P16: 7 | Q16: Giao dịch Capture
G17: MASTERCARD | H17: Mastercard | P17: 8 | Q17: BPSP
G18: JCB | H18: Jcb | P18: MOTO | Q18: MOTO
G19: EW | H19: Tài khoản ví | P19: SALE | Q19: SALE
G20: VNPAY_CARD | H20: Thẻ VNPAY | P20: ODA | Q20: Offline sale
G21: EW_PAY_LATER | H21: Ví trả sau

Sheet Sheet1
A1: BÁO CÁO CHI TIẾT GIAO DỊCH
D2: Tổng số giao dịch: | E2: =COUNT(A4:A41) | F2: Tổng giá trị giao dịch: | G2: =SUM(Q4:Q41)
A3: STT | B3: Thời gian GD | C3: Mã giao dịch | D3: Chi nhánh | E3: Mã điểm thu | F3: Điểm thu | G3: Số hóa đơn | H3: Số hợp đồng | I3: Mã đơn hàng | J3: Mã trừ tiền/Mã chuẩn chi | K3: Mã khuyến mại | L3: Số điện thoại | M3: Tên khách hàng | N3: Số TK/Thẻ | O3: Loại giao dịch | P3: Kênh thanh toán KTS | Q3: Số tiền trước KM | R3: Số tiền sau KM | S3: Chi tiết sản phẩm | T3: Thông tin đặt hàng | U3: Ngân hàng | V3: Loại thẻ/Tài khoản | W3: Loại phát hành | X3: Nguồn tiền | Y3: Dịch vụ | Z3: Kênh thanh toán | AA3: YC trả góp | AB3: Trạng thái trả góp | AC3: Kỳ hạn | AD3: Trạng thái | AE3: Thời gian đối soát | AF3: Ghi chú | AG3: Thông tin bổ sung | AH3: Mã lỗi bank
A4: =ROW()-ROW(A3) | B4: 13/11/2025 22:31:58 | C4: 800611900 | D4: OMG | E4: CAOQUYNH | F4: OMG208LCT001 | G4: 20410628931734528 | J4: 20410628931734528 | L4: 090xxxx632 | M4: Khch *** 0909744632 | N4: 197791xxxxxxx3680 | Q4: 251000 | R4: 251000 | S4: 1: \1\251000 | U4: VNPAYEWALLET | V4: =VLOOKUP("02", CONFIG!$G$2:$H$24, 2, 0) | X4: =IFERROR(VLOOKUP("09", CONFIG!$S$2:$T$12, 2, 0),"") | Y4: =IFERROR(VLOOKUP("1", CONFIG!$A$2:$B$5, 2, 0),"") | Z4: =IF(1=1, IFERROR(VLOOKUP("06", Config!$J$2:$K$9, 2, 0),""), IFERROR(VLOOKUP("", Config!$J$2:$K$9, 2, 0),"")) | AA4: Không | AB4: =IFERROR(VLOOKUP("", CONFIG!$M$2:$N$8, 2, 0),"") | AC4: =IF(0=0, "", "0 tháng") | AD4: =IFERROR(VLOOKUP("1", CONFIG!$D$2:$E$8, 2, 0),"") | AE4: 14/11/2025 22:31:58 | AH4: 00
A5: =ROW()-ROW(A3) | B5: 13/11/2025 21:58:25 | C5: 800593037 | D5: OMG | E5: CAOQUYNH | F5: OMG208LCT001 | G5: 20410498158251008 | J5: 20410498158251008 | L5: 097xxxx895 | M5: PHM ***** NHT | N5: 762713xxxxxxxx3104 | Q5: 278000 | R5: 278000 | S5: 1: \1\278000 | U5: VNPAYEWALLET | V5: =VLOOKUP("02", CONFIG!$G$2:$H$24, 2, 0) | X5: =IFERROR(VLOOKUP("09", CONFIG!$S$2:$T$12, 2, 0),"") | Y5: =IFERROR(VLOOKUP("1", CONFIG!$A$2:$B$5, 2, 0),"") | Z5: =IF(1=1, IFERROR(VLOOKUP("06", Config!$J$2:$K$9, 2, 0),""), IFERROR(VLOOKUP("", Config!$J$2:$K$9, 2, 0),"")) | AA5: Không | AB5: =IFERROR(VLOOKUP("", CONFIG!$M$2:$N$8, 2, 0),"") | AC5: =IF(0=0, "", "0 tháng") | AD5: =IFERROR(VLOOKUP("1", CONFIG!$D$2:$E$8, 2, 0),"") | AE5: 14/11/2025 21:58:25 | AH5: 00
A6: =ROW()-ROW(A3) | B6: 13/11/2025 21:52:32 | C6: 800588728 | D6: OMG | E6: CAOQUYNH | F6: OMG208LCT001 | G6: 20410471390006272 | J6: 20410471390006272 | L6: 097xxxx895 | M6: PHM ***** NHT | N6: 762713xxxxxxxx3104 | Q6: 274000 | R6: 274000 | S6: 1: \1\274000 | U6: VNPAYEWALLET | V6: =VLOOKUP("02", CONFIG!$G$2:$H$24, 2, 0) | X6: =IFERROR(VLOOKUP("09", CONFIG!$S$2:$T$12, 2, 0),"") | Y6: =IFERROR(VLOOKUP("1", CONFIG!$A$2:$B$5, 2, 0),"") | Z6: =IF(1=1, IFERROR(VLOOKUP("06", Config!$J$2:$K$9, 2, 0),""), IFERROR(VLOOKUP("", Config!$J$2:$K$9, 2, 0),"")) | AA6: Không | AB6: =IFERROR(VLOOKUP("", CONFIG!$M$2:$N$8, 2, 0),"") | AC6: =IF(0=0, "", "0 tháng") | AD6: =IFERROR(VLOOKUP("1", CONFIG!$D$2:$E$8, 2, 0),"") | AE6: 14/11/2025 21:52:32 | AH6: 00
A7: =ROW()-ROW(A3) | B7: 13/11/2025 21:49:58 | C7: 800586636 | D7: OMG | E7: CAOQUYNH | F7: OMG208LCT001 | G7: 20410464214002688 | J7: 20410464214002688 | L7: 093xxxx144 | M7: Phm ** *** Cc | N7: 185870xxxxxxx7808 | Q7: 1075000 | R7: 1075000 | S7: 1: \1\1075000 | U7: VNPAYEWALLET | V7: =VLOOKUP("02", CONFIG!$G$2:$H$24, 2, 0) | X7: =IFERROR(VLOOKUP("09", CONFIG!$S$2:$T$12, 2, 0),"") | Y7: =IFERROR(VLOOKUP("1", CONFIG!$A$2:$B$5, 2, 0),"") | Z7: =IF(1=1, IFERROR(VLOOKUP("06", Config!$J$2:$K$9, 2, 0),""), IFERROR(VLOOKUP("", Config!$J$2:$K$9, 2, 0),"")) | AA7: Không | AB7: =IFERROR(VLOOKUP("", CONFIG!$M$2:$N$8, 2, 0),"") | AC7: =IF(0=0, "", "0 tháng") | AD7: =IFERROR(VLOOKUP("1", CONFIG!$D$2:$E$8, 2, 0),"") | AE7: 14/11/2025 21:49:58 | AH7: 00
A8: =ROW()-ROW(A3) | B8: 13/11/2025 21:45:29 | C8: 800583099 | D8: OMG | E8: CAOQUYNH | F8: OMG208LCT001 | G8: 20410444217011200 | J8: 20410444217011200 | L8: 035xxxx157 | M8: V ** Hng | N8: 670236xxxxxxxx1536 | Q8: 296000 | R8: 296000 | S8: 1: \1\296000 | U8: VNPAYEWALLET | V8: =VLOOKUP("02", CONFIG!$G$2:$H$24, 2, 0) | X8: =IFERROR(VLOOKUP("09", CONFIG!$S$2:$T$12, 2, 0),"") | Y8: =IFERROR(VLOOKUP("1", CONFIG!$A$2:$B$5, 2, 0),"") | Z8: =IF(1=1, IFERROR(VLOOKUP("06", Config!$J$2:$K$9, 2, 0),""), IFERROR(VLOOKUP("", Config!$J$2:$K$9, 2, 0),"")) | AA8: Không | AB8: =IFERROR(VLOOKUP("", CONFIG!$M$2:$N$8, 2, 0),"") | AC8: =IF(0=0, "", "0 tháng") | AD8: =IFERROR(VLOOKUP("1", CONFIG!$D$2:$E$8, 2, 0),"") | AE8: 14/11/2025 21:45:29 | AH8: 00
A9: =ROW()-ROW(A3) | B9: 13/11/2025 21:38:11 | C9: 800577002 | D9: OMG | E9: CAOQUYNH | F9: OMG208LCT001 | G9: 20410418647157760 | J9: 20410418647157760 | L9: 033xxxx680 | M9: Khch *** 0335753680 | N9: 198827xxxxxxx3392 | Q9: 295000 | R9: 295000 | S9: 1: \1\295000 | U9: VNPAYEWALLET | V9: =VLOOKUP("02", CONFIG!$G$2:$H$24, 2, 0) | X9: =IFERROR(VLOOKUP("09", CONFIG!$S$2:$T$12, 2, 0),"") | Y9: =IFERROR(VLOOKUP("1", CONFIG!$A$2:$B$5, 2, 0),"") | Z9: =IF(1=1, IFERROR(VLOOKUP("06", Config!$J$2:$K$9, 2, 0),""), IFERROR(VLOOKUP("", Config!$J$2:$K$9, 2, 0),"")) | AA9: Không | AB9: =IFERROR(VLOOKUP("", CONFIG!$M$2:$N$8, 2, 0),"") | AC9: =IF(0=0, "", "0 tháng") | AD9: =IFERROR(VLOOKUP("1", CONFIG!$D$2:$E$8, 2, 0),"") | AE9: 14/11/2025 21:38:11 | AH9: 00
A10: =ROW()-ROW(A3) | B10: 13/11/2025 20:47:38 | C10: 800528230 | D10: OMG | E10: CAOQUYNH | F10: OMG208LCT001 | G10: 20410218970041344 | J10: 20410218970041344 | L10: 097xxxx895 | M10: PHM ***** NHT | N10: 762713xxxxxxxx3104 | Q10: 276000 | R10: 276000 | S10: 1: \1\276000 | U10: VNPAYEWALLET | V10: =VLOOKUP("02", CONFIG!$G$2:$H$24, 2, 0) | X10: =IFERROR(VLOOKUP("09", CONFIG!$S$2:$T$12, 2, 0),"") | Y10: =IFERROR(VLOOKUP("1", CONFIG!$A$2:$B$5, 2, 0),"") | Z10: =IF(1=1, IFERROR(VLOOKUP("06", Config!$J$2:$K$9, 2, 0),""), IFERROR(VLOOKUP("", Config!$J$2:$K$9, 2, 0),"")) | AA10: Không | AB10: =IFERROR(VLOOKUP("", CONFIG!$M$2:$N$8, 2, 0),"") | AC10: =IF(0=0, "", "0 tháng") | AD10: =IFERROR(VLOOKUP("1", CONFIG!$D$2:$E$8, 2, 0),"") | AE10: 14/11/2025 20:47:38 | AH10: 00
A11: =ROW()-ROW(A3) | B11: 13/11/2025 19:43:29 | C11: 800462591 | D11: OMG | E11: CAOQUYNH | F11: OMG208LCT001 | G11: 20409962406759424 | J11: 20409962406759424 | L11: 038xxxx586 | M11: Nguyn ** **** Chi | N11: 766206xxxxxxxx7648 | Q11: 252000 | R11: 252000 | S11: 1: \1\252000 | U11: VNPAYEWALLET | V11: =VLOOKUP("02", CONFIG!$G$2:$H$24, 2, 0) | X11: =IFERROR(VLOOKUP("09", CONFIG!$S$2:$T$12, 2, 0),"") | Y11: =IFERROR(VLOOKUP("1", CONFIG!$A$2:$B$5, 2, 0),"") | Z11: =IF(1=1, IFERROR(VLOOKUP("06", Config!$J$2:$K$9, 2, 0),""), IFERROR(VLOOKUP("", Config!$J$2:$K$9, 2, 0),"")) | AA11: Không | AB11: =IFERROR(VLOOKUP("", CONFIG!$M$2:$N$8, 2, 0),"") | AC11: =IF(0=0, "", "0 tháng") | AD11: =IFERROR(VLOOKUP("1", CONFIG!$D$2:$E$8, 2, 0),"") | AE11: 14/11/2025 19:43:29 | AH11: 00
A12: =ROW()-ROW(A3) | B12: 13/11/2025 17:50:22 | C12: 800356325 | D12: OMG | E12: CAOQUYNH | F12: OMG208LCT001 | G12: 20409520128084992 | J12: 20409520128084992 | L12: 094xxxx310 | M12: Khch *** 0941213310 | N12: 203980xxxxxxx7808 | Q12: 310000 | R12: 310000 | S12: 1: \1\310000 | U12: VNPAYEWALLET | V12: =VLOOKUP("02", CONFIG!$G$2:$H$24, 2, 0) | X12: =IFERROR(VLOOKUP("09", CONFIG!$S$2:$T$12, 2, 0),"") | Y12: =IFERROR(VLOOKUP("1", CONFIG!$A$2:$B$5, 2, 0),"") | Z12: =IF(1=1, IFERROR(VLOOKUP("06", Config!$J$2:$K$9, 2, 0),""), IFERROR(VLOOKUP("", Config!$J$2:$K$9, 2, 0),"")) | AA12: Không | AB12: =IFERROR(VLOOKUP("", CONFIG!$M$2:$N$8, 2, 0),"") | AC12: =IF(0=0, "", "0 tháng") | AD12: =IFERROR(VLOOKUP("1", CONFIG!$D$2:$E$8, 2, 0),"") | AE12: 14/11/2025 17:50:22 | AH12: 00
A13: =ROW()-ROW(A3) | B13: 13/11/2025 17:45:44 | C13: 800351939 | D13: OMG | E13: CAOQUYNH | F13: OMG208LCT001 | G13: 20409504171895808 | J13: 20409504171895808 | L13: 052xxxx617 | M13: Khch *** 0528150617 | N13: 201581xxxxxxx2976 | Q13: 269000 | R13: 269000 | S13: 1: \1\269000 | U13: VNPAYEWALLET | V13: =VLOOKUP("02", CONFIG!$G$2:$H$24, 2, 0) | X13: =IFERROR(VLOOKUP("09", CONFIG!$S$2:$T$12, 2, 0),"") | Y13: =IFERROR(VLOOKUP("1", CONFIG!$A$2:$B$5, 2, 0),"") | Z13: =IF(1=1, IFERROR(VLOOKUP("06", Config!$J$2:$K$9, 2, 0),""), IFERROR(VLOOKUP("", Config!$J$2:$K$9, 2, 0),"")) | AA13: Không | AB13: =IFERROR(VLOOKUP("", CONFIG!$M$2:$N$8, 2, 0),"") | AC13: =IF(0=0, "", "0 tháng") | AD13: =IFERROR(VLOOKUP("1", CONFIG!$D$2:$E$8, 2, 0),"") | AE13: 14/11/2025 17:45:44 | AH13: 00
A14: =ROW()-ROW(A3) | B14: 13/11/2025 17:13:42 | C14: 800322024 | D14: OMG | E14: CAOQUYNH | F14: OMG208LCT001 | G14: 20409378077101056 | J14: 20409378077101056 | L14: 094xxxx310 | M14: Khch *** 0941213310 | N14: 203980xxxxxxx7808 | Q14: 300000 | R14: 300000 | S14: 1: \1\300000 | T14: trang trang | U14: VNPAYEWALLET | V14: =VLOOKUP("02", CONFIG!$G$2:$H$24, 2, 0) | X14: =IFERROR(VLOOKUP("09", CONFIG!$S$2:$T$12, 2, 0),"") | Y14: =IFERROR(VLOOKUP("1", CONFIG!$A$2:$B$5, 2, 0),"") | Z14: =IF(1=1, IFERROR(VLOOKUP("06", Config!$J$2:$K$9, 2, 0),""), IFERROR(VLOOKUP("", Config!$J$2:$K$9, 2, 0),"")) | AA14: Không | AB14: =IFERROR(VLOOKUP("", CONFIG!$M$2:$N$8, 2, 0),"") | AC14: =IF(0=0, "", "0 tháng") | AD14: =IFERROR(VLOOKUP("1", CONFIG!$D$2:$E$8, 2, 0),"") | AE14: 14/11/2025 17:13:42 | AF14: trang trang | AG14: trang trang | AH14: 00
A15: =ROW()-ROW(A3) | B15: 13/11/2025 16:27:07 | C15: 800283492 | D15: OMG | E15: CAOQUYNH | F15: OMG208LCT001 | G15: 20409194658352128 | J15: 20409194658352128 | L15: 096xxxx824 | M15: L *** Thann | N15: 190106xxxxxxx0448 | Q15: 10002000 | R15: 10002000 | S15: 1: \1\10002000 | U15: VNPAYEWALLET | V15: =VLOOKUP("02", CONFIG!$G$2:$H$24, 2, 0) | X15: =IFERROR(VLOOKUP("09", CONFIG!$S$2:$T$12, 2, 0),"") | Y15: =IFERROR(VLOOKUP("1", CONFIG!$A$2:$B$5, 2, 0),"") | Z15: =IF(1=1, IFERROR(VLOOKUP("06", Config!$J$2:$K$9, 2, 0),""), IFERROR(VLOOKUP("", Config!$J$2:$K$9, 2, 0),"")) | AA15: Không | AB15: =IFERROR(VLOOKUP("", CONFIG!$M$2:$N$8, 2, 0),"") | AC15: =IF(0=0, "", "0 tháng") | AD15: =IFERROR(VLOOKUP("1", CONFIG!$D$2:$E$8, 2, 0),"") | AE15: 14/11/2025 16:27:07 | AH15: 00
A16: =ROW()-ROW(A3) | B16: 13/11/2025 14:42:21 | C16: 800214030 | D16: OMG | E16: CAOQUYNH | F16: OMG208LCT001 | G16: 20408782989315072 | J16: 20408782989315072 | L16: 083xxxx700 | M16: Khch *** 0839470700 | N16: 201130xxxxxxx8304 | Q16: 289000 | R16: 289000 | S16: 1: \1\289000 | U16: VNPAYEWALLET | V16: =VLOOKUP("02", CONFIG!$G$2:$H$24, 2, 0) | X16: =IFERROR(VLOOKUP("09", CONFIG!$S$2:$T$12, 2, 0),"") | Y16: =IFERROR(VLOOKUP("1", CONFIG!$A$2:$B$5, 2, 0),"") | Z16: =IF(1=1, IFERROR(VLOOKUP("06", Config!$J$2:$K$9, 2, 0),""), IFERROR(VLOOKUP("", Config!$J$2:$K$9, 2, 0),"")) | AA16: Không | AB16: =IFERROR(VLOOKUP("", CONFIG!$M$2:$N$8, 2, 0),"") | AC16: =IF(0=0, "", "0 tháng") | AD16: =IFERROR(VLOOKUP("1", CONFIG!$D$2:$E$8, 2, 0),"") | AE16: 14/11/2025 14:42:21 | AH16: 00
A17: =ROW()-ROW(A3) | B17: 13/11/2025 14:41:10 | C17: 800213292 | D17: OMG | E17: CAOQUYNH | F17: OMG208LCT001 | G17: 20408778224978944 | J17: 20408778224978944 | L17: 082xxxx228 | M17: Khch *** 0825567228 | N17: 199106xxxxxxx3344 | Q17: 293000 | R17: 293000 | S17: 1: \1\293000 | U17: VNPAYEWALLET | V17: =VLOOKUP("02", CONFIG!$G$2:$H$24, 2, 0) | X17: =IFERROR(VLOOKUP("09", CONFIG!$S$2:$T$12, 2, 0),"") | Y17: =IFERROR(VLOOKUP("1", CONFIG!$A$2:$B$5, 2, 0),"") | Z17: =IF(1=1, IFERROR(VLOOKUP("06", Config!$J$2:$K$9, 2, 0),""), IFERROR(VLOOKUP("", Config!$J$2:$K$9, 2, 0),"")) | AA17: Không | AB17: =IFERROR(VLOOKUP("", CONFIG!$M$2:$N$8, 2, 0),"") | AC17: =IF(0=0, "", "0 tháng") | AD17: =IFERROR(VLOOKUP("1", CONFIG!$D$2:$E$8, 2, 0),"") | AE17: 14/11/2025 14:41:10 | AH17: 00
A18: =ROW()-ROW(A3) | B18: 13/11/2025 14:39:52 | C18: 800212480 | D18: OMG | E18: CAOQUYNH | F18: OMG208LCT001 | G18: 20408773251058688 | J18: 20408773251058688 | L18: 097xxxx029 | M18: nguyen *** tam | N18: 956821xxxxxxxx3360 | Q18: 286000 | R18: 286000 | S18: 1: \1\286000 | U18: VNPAYEWALLET | V18: =VLOOKUP("02", CONFIG!$G$2:$H$24, 2, 0) | X18: =IFERROR(VLOOKUP("09", CONFIG!$S$2:$T$12, 2, 0),"") | Y18: =IFERROR(VLOOKUP("1", CONFIG!$A$2:$B$5, 2, 0),"") | Z18: =IF(1=1, IFERROR(VLOOKUP("06", Config!$J$2:$K$9, 2, 0),""), IFERROR(VLOOKUP("", Config!$J$2:$K$9, 2, 0),"")) | AA18: Không | AB18: =IFERROR(VLOOKUP("", CONFIG!$M$2:$N$8, 2, 0),"") | AC18: =IF(0=0, "", "0 tháng") | AD18: =IFERROR(VLOOKUP("1", CONFIG!$D$2:$E$8, 2, 0),"") | AE18: 14/11/2025 14:39:52 | AH18: 00
A19: =ROW()-ROW(A3) | B19: 13/11/2025 14:09:23 | C19: 800194010 | D19: OMG | E19: CAOQUYNH | F19: OMG208LCT001 | G19: 20408649834966016 | J19: 20408649834966016 | L19: 036xxxx451 | M19: LI *** MAI | N19: 768371xxxxxxxx3776 | Q19: 292000 | R19: 292000 | S19: 1: \1\292000 | U19: VNPAYEWALLET | V19: =VLOOKUP("02", CONFIG!$G$2:$H$24, 2, 0) | X19: =IFERROR(VLOOKUP("09", CONFIG!$S$2:$T$12, 2, 0),"") | Y19: =IFERROR(VLOOKUP("1", CONFIG!$A$2:$B$5, 2, 0),"") | Z19: =IF(1=1, IFERROR(VLOOKUP("06", Config!$J$2:$K$9, 2, 0),""), IFERROR(VLOOKUP("", Config!$J$2:$K$9, 2, 0),"")) | AA19: Không | AB19: =IFERROR(VLOOKUP("", CONFIG!$M$2:$N$8, 2, 0),"") | AC19: =IF(0=0, "", "0 tháng") | AD19: =IFERROR(VLOOKUP("1", CONFIG!$D$2:$E$8, 2, 0),"") | AE19: 14/11/2025 14:09:23 | AH19: 00
A20: =ROW()-ROW(A3) | B20: 13/11/2025 14:05:08 | C20: 800191445 | D20: OMG | E20: CAOQUYNH | F20: OMG208LCT001 | G20: 20408637699804160 | J20: 20408637699804160 | L20: 090xxxx853 | M20: Nguyn ***** Ngha | N20: 708601xxxxxxxx4336 | Q20: 3395000 | R20: 3395000 | S20: 1: \1\3395000 | U20: VNPAYEWALLET | V20: =VLOOKUP("02", CONFIG!$G$2:$H$24, 2, 0) | X20: =IFERROR(VLOOKUP("09", CONFIG!$S$2:$T$12, 2, 0),"") | Y20: =IFERROR(VLOOKUP("1", CONFIG!$A$2:$B$5, 2, 0),"") | Z20: =IF(1=1, IFERROR(VLOOKUP("06", Config!$J$2:$K$9, 2, 0),""), IFERROR(VLOOKUP("", Config!$J$2:$K$9, 2, 0),"")) | AA20: Không | AB20: =IFERROR(VLOOKUP("", CONFIG!$M$2:$N$8, 2, 0),"") | AC20: =IF(0=0, "", "0 tháng") | AD20: =IFERROR(VLOOKUP("1", CONFIG!$D$2:$E$8, 2, 0),"") | AE20: 14/11/2025 14:05:08 | AH20: 00
A21: =ROW()-ROW(A3) | B21: 13/11/2025 13:59:15 | C21: 800187908 | D21: OMG | E21: CAOQUYNH | F21: OMG208LCT001 | G21: 20408612803259392 | J21: 20408612803259392 | L21: 037xxxx408 | M21: Khch *** 0378259408 | N21: 203789xxxxxxx3040 | Q21: 285000 | R21: 285000 | S21: 1: \1\285000 | U21: VNPAYEWALLET | V21: =VLOOKUP("02", CONFIG!$G$2:$H$24, 2, 0) | X21: =IFERROR(VLOOKUP("09", CONFIG!$S$2:$T$12, 2, 0),"") | Y21: =IFERROR(VLOOKUP("1", CONFIG!$A$2:$B$5, 2, 0),"") | Z21: =IF(1=1, IFERROR(VLOOKUP("06", Config!$J$2:$K$9, 2, 0),""), IFERROR(VLOOKUP("", Config!$J$2:$K$9, 2, 0),"")) | AA21: Không | AB21: =IFERROR(VLOOKUP("", CONFIG!$M$2:$N$8, 2, 0),"") | AC21: =IF(0=0, "", "0 tháng") | AD21: =IFERROR(VLOOKUP("1", CONFIG!$D$2:$E$8, 2, 0),"") | AE21: 14/11/2025 13:59:15 | AH21: 00
A22: =ROW()-ROW(A3) | B22: 13/11/2025 13:57:06 | C22: 800186579 | D22: OMG | E22: CAOQUYNH | F22: OMG208LCT001 | G22: 20408604933762048 | J22: 20408604933762048 | L22: 035xxxx300 | M22: Trn *** Tuyn | N22: 163091xxxxxxx4112 | Q22: 1015000 | R22: 1015000 | S22: 1: \1\1015000 | U22: VNPAYEWALLET | V22: =VLOOKUP("02", CONFIG!$G$2:$H$24, 2, 0) | X22: =IFERROR(VLOOKUP("09", CONFIG!$S$2:$T$12, 2, 0),"") | Y22: =IFERROR(VLOOKUP("1", CONFIG!$A$2:$B$5, 2, 0),"") | Z22: =IF(1=1, IFERROR(VLOOKUP("06", Config!$J$2:$K$9, 2, 0),""), IFERROR(VLOOKUP("", Config!$J$2:$K$9, 2, 0),"")) | AA22: Không | AB22: =IFERROR(VLOOKUP("", CONFIG!$M$2:$N$8, 2, 0),"") | AC22: =IF(0=0, "", "0 tháng") | AD22: =IFERROR(VLOOKUP("1", CONFIG!$D$2:$E$8, 2, 0),"") | AE22: 14/11/2025 13:57:06 | AH22: 00
A23: =ROW()-ROW(A3) | B23: 13/11/2025 13:02:52 | C23: 800150364 | D23: OMG | E23: CAOQUYNH | F23: OMG208LCT001 | G23: 20408391013313536 | J23: 20408391013313536 | L23: 039xxxx055 | M23: Nguyn ** ***** Tho | N23: 729714xxxxxxxx3888 | Q23: 1091000 | R23: 1091000 | S23: 1: \1\1091000 | U23: VNPAYEWALLET | V23: =VLOOKUP("02", CONFIG!$G$2:$H$24, 2, 0) | X23: =IFERROR(VLOOKUP("09", CONFIG!$S$2:$T$12, 2, 0),"") | Y23: =IFERROR(VLOOKUP("1", CONFIG!$A$2:$B$5, 2, 0),"") | Z23: =IF(1=1, IFERROR(VLOOKUP("06", Config!$J$2:$K$9, 2, 0),""), IFERROR(VLOOKUP("", Config!$J$2:$K$9, 2, 0),"")) | AA23: Không | AB23: =IFERROR(VLOOKUP("", CONFIG!$M$2:$N$8, 2, 0),"") | AC23: =IF(0=0, "", "0 tháng") | AD23: =IFERROR(VLOOKUP("1", CONFIG!$D$2:$E$8, 2, 0),"") | AE23: 14/11/2025 13:02:52 | AH23: 00
A24: =ROW()-ROW(A3) | B24: 13/11/2025 12:08:53 | C24: 800100103 | D24: OMG | E24: CAOQUYNH | F24: OMG208LCT001 | G24: 20408177851837440 | J24: 20408177851837440 | L24: 090xxxx087 | M24: INH ** TRUNG | N24: 918501xxxxxxxx6800 | Q24: 293000 | R24: 293000 | S24: 1: \1\293000 | U24: VNPAYEWALLET | V24: =VLOOKUP("02", CONFIG!$G$2:$H$24, 2, 0) | X24: =IFERROR(VLOOKUP("09", CONFIG!$S$2:$T$12, 2, 0),"") | Y24: =IFERROR(VLOOKUP("1", CONFIG!$A$2:$B$5, 2, 0),"") | Z24: =IF(1=1, IFERROR(VLOOKUP("06", Config!$J$2:$K$9, 2, 0),""), IFERROR(VLOOKUP("", Config!$J$2:$K$9, 2, 0),"")) | AA24: Không | AB24: =IFERROR(VLOOKUP("", CONFIG!$M$2:$N$8, 2, 0),"") | AC24: =IF(0=0, "", "0 tháng") | AD24: =IFERROR(VLOOKUP("1", CONFIG!$D$2:$E$8, 2, 0),"") | AE24: 14/11/2025 12:08:53 | AH24: 00
A25: =ROW()-ROW(A3) | B25: 13/11/2025 11:51:28 | C25: 800081396 | D25: OMG | E25: CAOQUYNH | F25: OMG208LCT001 | G25: 20408111489829888 | J25: 20408111489829888 | L25: 090xxxx588 | M25: TRN * *** THO | N25: 854745xxxxxxxx3936 | Q25: 291000 | R25: 291000 | S25: 1: \1\291000 | U25: VNPAYEWALLET | V25: =VLOOKUP("02", CONFIG!$G$2:$H$24, 2, 0) | X25: =IFERROR(VLOOKUP("09", CONFIG!$S$2:$T$12, 2, 0),"") | Y25: =IFERROR(VLOOKUP("1", CONFIG!$A$2:$B$5, 2, 0),"") | Z25: =IF(1=1, IFERROR(VLOOKUP("06", Config!$J$2:$K$9, 2, 0),""), IFERROR(VLOOKUP("", Config!$J$2:$K$9, 2, 0),"")) | AA25: Không | AB25: =IFERROR(VLOOKUP("", CONFIG!$M$2:$N$8, 2, 0),"") | AC25: =IF(0=0, "", "0 tháng") | AD25: =IFERROR(VLOOKUP("1", CONFIG!$D$2:$E$8, 2, 0),"") | AE25: 14/11/2025 11:51:28 | AH25: 00
A26: =ROW()-ROW(A3) | B26: 13/11/2025 11:34:24 | C26: 800064190 | D26: OMG | E26: CAOQUYNH | F26: OMG208LCT001 | G26: 20408043787734016 | J26: 20408043787734016 | L26: 090xxxx087 | M26: INH ** TRUNG | N26: 918501xxxxxxxx6800 | Q26: 292000 | R26: 292000 | S26: 1: \1\292000 | U26: VNPAYEWALLET | V26: =VLOOKUP("02", CONFIG!$G$2:$H$24, 2, 0) | X26: =IFERROR(VLOOKUP("09", CONFIG!$S$2:$T$12, 2, 0),"") | Y26: =IFERROR(VLOOKUP("1", CONFIG!$A$2:$B$5, 2, 0),"") | Z26: =IF(1=1, IFERROR(VLOOKUP("06", Config!$J$2:$K$9, 2, 0),""), IFERROR(VLOOKUP("", Config!$J$2:$K$9, 2, 0),"")) | AA26: Không | AB26: =IFERROR(VLOOKUP("", CONFIG!$M$2:$N$8, 2, 0),"") | AC26: =IF(0=0, "", "0 tháng") | AD26: =IFERROR(VLOOKUP("1", CONFIG!$D$2:$E$8, 2, 0),"") | AE26: 14/11/2025 11:34:24 | AH26: 00
A27: =ROW()-ROW(A3) | B27: 13/11/2025 11:12:56 | C27: 800044682 | D27: OMG | E27: CAOQUYNH | F27: OMG208LCT001 | G27: 20407959692323840 | J27: 20407959692323840 | L27: 038xxxx252 | M27: nguyn ** * n | N27: 169829xxxxxxx0464 | Q27: 281000 | R27: 281000 | S27: 1: \1\281000 | U27: VNPAYEWALLET | V27: =VLOOKUP("02", CONFIG!$G$2:$H$24, 2, 0) | X27: =IFERROR(VLOOKUP("09", CONFIG!$S$2:$T$12, 2, 0),"") | Y27: =IFERROR(VLOOKUP("1", CONFIG!$A$2:$B$5, 2, 0),"") | Z27: =IF(1=1, IFERROR(VLOOKUP("06", Config!$J$2:$K$9, 2, 0),""), IFERROR(VLOOKUP("", Config!$J$2:$K$9, 2, 0),"")) | AA27: Không | AB27: =IFERROR(VLOOKUP("", CONFIG!$M$2:$N$8, 2, 0),"") | AC27: =IF(0=0, "", "0 tháng") | AD27: =IFERROR(VLOOKUP("1", CONFIG!$D$2:$E$8, 2, 0),"") | AE27: 14/11/2025 11:12:56 | AH27: 00
A28: =ROW()-ROW(A3) | B28: 13/11/2025 11:08:15 | C28: 800040551 | D28: OMG | E28: CAOQUYNH | F28: OMG208LCT001 | G28: 20407939186838528 | J28: 20407939186838528 | L28: 037xxxx924 | M28: Khch *** 0373468924 | N28: 202890xxxxxxx0128 | Q28: 260000 | R28: 260000 | S28: 1: \1\260000 | T28: trang | U28: VNPAYEWALLET | V28: =VLOOKUP("02", CONFIG!$G$2:$H$24, 2, 0) | X28: =IFERROR(VLOOKUP("09", CONFIG!$S$2:$T$12, 2, 0),"") | Y28: =IFERROR(VLOOKUP("1", CONFIG!$A$2:$B$5, 2, 0),"") | Z28: =IF(1=1, IFERROR(VLOOKUP("06", Config!$J$2:$K$9, 2, 0),""), IFERROR(VLOOKUP("", Config!$J$2:$K$9, 2, 0),"")) | AA28: Không | AB28: =IFERROR(VLOOKUP("", CONFIG!$M$2:$N$8, 2, 0),"") | AC28: =IF(0=0, "", "0 tháng") | AD28: =IFERROR(VLOOKUP("1", CONFIG!$D$2:$E$8, 2, 0),"") | AE28: 14/11/2025 11:08:15 | AF28: trang | AG28: trang | AH28: 00
A29: =ROW()-ROW(A3) | B29: 13/11/2025 11:01:05 | C29: 800034829 | D29: OMG | E29: CAOQUYNH | F29: OMG208LCT001 | G29: 20407911994444800 | J29: 20407911994444800 | L29: 096xxxx595 | M29: NGUYN ** **** THO | N29: 816650xxxxxxxx5296 | Q29: 291000 | R29: 291000 | S29: 1: \1\291000 | U29: VNPAYEWALLET | V29: =VLOOKUP("02", CONFIG!$G$2:$H$24, 2, 0) | X29: =IFERROR(VLOOKUP("09", CONFIG!$S$2:$T$12, 2, 0),"") | Y29: =IFERROR(VLOOKUP("1", CONFIG!$A$2:$B$5, 2, 0),"") | Z29: =IF(1=1, IFERROR(VLOOKUP("06", Config!$J$2:$K$9, 2, 0),""), IFERROR(VLOOKUP("", Config!$J$2:$K$9, 2, 0),"")) | AA29: Không | AB29: =IFERROR(VLOOKUP("", CONFIG!$M$2:$N$8, 2, 0),"") | AC29: =IF(0=0, "", "0 tháng") | AD29: =IFERROR(VLOOKUP("1", CONFIG!$D$2:$E$8, 2, 0),"") | AE29: 14/11/2025 11:01:05 | AH29: 00
A30: =ROW()-ROW(A3) | B30: 13/11/2025 10:26:00 | C30: 800009452 | D30: OMG | E30: CAOQUYNH | F30: OMG208LCT001 | G30: 20407773162122240 | J30: 20407773162122240 | L30: 090xxxx766 | M30: phm *** nam | N30: 754236xxxxxxxx0512 | Q30: 292000 | R30: 292000 | S30: 1: \1\292000 | U30: VNPAYEWALLET | V30: =VLOOKUP("02", CONFIG!$G$2:$H$24, 2, 0) | X30: =IFERROR(VLOOKUP("09", CONFIG!$S$2:$T$12, 2, 0),"") | Y30: =IFERROR(VLOOKUP("1", CONFIG!$A$2:$B$5, 2, 0),"") | Z30: =IF(1=1, IFERROR(VLOOKUP("06", Config!$J$2:$K$9, 2, 0),""), IFERROR(VLOOKUP("", Config!$J$2:$K$9, 2, 0),"")) | AA30: Không | AB30: =IFERROR(VLOOKUP("", CONFIG!$M$2:$N$8, 2, 0),"") | AC30: =IF(0=0, "", "0 tháng") | AD30: =IFERROR(VLOOKUP("1", CONFIG!$D$2:$E$8, 2, 0),"") | AE30: 14/11/2025 10:26:00 | AH30: 00
A31: =ROW()-ROW(A3) | B31: 13/11/2025 10:11:01 | C31: 799998355 | D31: OMG | E31: CAOQUYNH | F31: OMG208LCT001 | G31: 20407715631352832 | J31: 20407715631352832 | L31: 037xxxx691 | M31: Th Thm | N31: 724479xxxxxxxx9376 | Q31: 293000 | R31: 293000 | S31: 1: \1\293000 | U31: VNPAYEWALLET | V31: =VLOOKUP("02", CONFIG!$G$2:$H$24, 2, 0) | X31: =IFERROR(VLOOKUP("09", CONFIG!$S$2:$T$12, 2, 0),"") | Y31: =IFERROR(VLOOKUP("1", CONFIG!$A$2:$B$5, 2, 0),"") | Z31: =IF(1=1, IFERROR(VLOOKUP("06", Config!$J$2:$K$9, 2, 0),""), IFERROR(VLOOKUP("", Config!$J$2:$K$9, 2, 0),"")) | AA31: Không | AB31: =IFERROR(VLOOKUP("", CONFIG!$M$2:$N$8, 2, 0),"") | AC31: =IF(0=0, "", "0 tháng") | AD31: =IFERROR(VLOOKUP("1", CONFIG!$D$2:$E$8, 2, 0),"") | AE31: 14/11/2025 10:11:01 | AH31: 00
A32: =ROW()-ROW(A3) | B32: 13/11/2025 10:00:30 | C32: 799988960 | D32: OMG | E32: CAOQUYNH | F32: OMG208LCT001 | G32: 20407670788606976 | J32: 20407670788606976 | L32: 086xxxx053 | M32: Khch *** 0865044053 | N32: 203624xxxxxxx7200 | Q32: 281000 | R32: 281000 | S32: 1: \1\281000 | U32: VNPAYEWALLET | V32: =VLOOKUP("02", CONFIG!$G$2:$H$24, 2, 0) | X32: =IFERROR(VLOOKUP("09", CONFIG!$S$2:$T$12, 2, 0),"") | Y32: =IFERROR(VLOOKUP("1", CONFIG!$A$2:$B$5, 2, 0),"") | Z32: =IF(1=1, IFERROR(VLOOKUP("06", Config!$J$2:$K$9, 2, 0),""), IFERROR(VLOOKUP("", Config!$J$2:$K$9, 2, 0),"")) | AA32: Không | AB32: =IFERROR(VLOOKUP("", CONFIG!$M$2:$N$8, 2, 0),"") | AC32: =IF(0=0, "", "0 tháng") | AD32: =IFERROR(VLOOKUP("1", CONFIG!$D$2:$E$8, 2, 0),"") | AE32: 14/11/2025 10:00:30 | AH32: 00
A33: =ROW()-ROW(A3) | B33: 13/11/2025 10:00:21 | C33: 799988835 | D33: OMG | E33: CAOQUYNH | F33: OMG208LCT001 | G33: 20407672094608384 | J33: 20407672094608384 | L33: 098xxxx520 | M33: ON ** **** ANH | N33: 851830xxxxxxxx4496 | Q33: 291000 | R33: 291000 | S33: 1: \1\291000 | U33: VNPAYEWALLET | V33: =VLOOKUP("02", CONFIG!$G$2:$H$24, 2, 0) | X33: =IFERROR(VLOOKUP("09", CONFIG!$S$2:$T$12, 2, 0),"") | Y33: =IFERROR(VLOOKUP("1", CONFIG!$A$2:$B$5, 2, 0),"") | Z33: =IF(1=1, IFERROR(VLOOKUP("06", Config!$J$2:$K$9, 2, 0),""), IFERROR(VLOOKUP("", Config!$J$2:$K$9, 2, 0),"")) | AA33: Không | AB33: =IFERROR(VLOOKUP("", CONFIG!$M$2:$N$8, 2, 0),"") | AC33: =IF(0=0, "", "0 tháng") | AD33: =IFERROR(VLOOKUP("1", CONFIG!$D$2:$E$8, 2, 0),"") | AE33: 14/11/2025 10:00:21 | AH33: 00
A34: =ROW()-ROW(A3) | B34: 13/11/2025 09:44:20 | C34: 799976825 | D34: OMG | E34: CAOQUYNH | F34: OMG208LCT001 | G34: 20407610289826816 | J34: 20407610289826816 | L34: 039xxxx284 | M34: Khch *** 0399266284 | N34: 203563xxxxxxx8800 | Q34: 275000 | R34: 275000 | S34: 1: \1\275000 | U34: VNPAYEWALLET | V34: =VLOOKUP("02", CONFIG!$G$2:$H$24, 2, 0) | X34: =IFERROR(VLOOKUP("09", CONFIG!$S$2:$T$12, 2, 0),"") | Y34: =IFERROR(VLOOKUP("1", CONFIG!$A$2:$B$5, 2, 0),"") | Z34: =IF(1=1, IFERROR(VLOOKUP("06", Config!$J$2:$K$9, 2, 0),""), IFERROR(VLOOKUP("", Config!$J$2:$K$9, 2, 0),"")) | AA34: Không | AB34: =IFERROR(VLOOKUP("", CONFIG!$M$2:$N$8, 2, 0),"") | AC34: =IF(0=0, "", "0 tháng") | AD34: =IFERROR(VLOOKUP("1", CONFIG!$D$2:$E$8, 2, 0),"") | AE34: 14/11/2025 09:44:20 | AH34: 00
A35: =ROW()-ROW(A3) | B35: 13/11/2025 09:38:27 | C35: 799972371 | D35: OMG | E35: CAOQUYNH | F35: OMG208LCT001 | G35: 20407588310952960 | J35: 20407588310952960 | L35: 091xxxx513 | M35: 0918183513 | N35: 851690xxxxxxxx6960 | Q35: 283000 | R35: 283000 | S35: 1: \1\283000 | U35: VNPAYEWALLET | V35: =VLOOKUP("02", CONFIG!$G$2:$H$24, 2, 0) | X35: =IFERROR(VLOOKUP("09", CONFIG!$S$2:$T$12, 2, 0),"") | Y35: =IFERROR(VLOOKUP("1", CONFIG!$A$2:$B$5, 2, 0),"") | Z35: =IF(1=1, IFERROR(VLOOKUP("06", Config!$J$2:$K$9, 2, 0),""), IFERROR(VLOOKUP("", Config!$J$2:$K$9, 2, 0),"")) | AA35: Không | AB35: =IFERROR(VLOOKUP("", CONFIG!$M$2:$N$8, 2, 0),"") | AC35: =IF(0=0, "", "0 tháng") | AD35: =IFERROR(VLOOKUP("1", CONFIG!$D$2:$E$8, 2, 0),"") | AE35: 14/11/2025 09:38:27 | AH35: 00
A36: =ROW()-ROW(A3) | B36: 13/11/2025 08:54:29 | C36: 799937908 | D36: OMG | E36: CAOQUYNH | F36: OMG208LCT001 | G36: 20407414918163456 | J36: 20407414918163456 | L36: 097xxxx240 | M36: NGUYN ** *** THNG | N36: 187115xxxxxxx9344 | Q36: 291000 | R36: 291000 | S36: 1: \1\291000 | U36: VNPAYEWALLET | V36: =VLOOKUP("02", CONFIG!$G$2:$H$24, 2, 0) | X36: =IFERROR(VLOOKUP("09", CONFIG!$S$2:$T$12, 2, 0),"") | Y36: =IFERROR(VLOOKUP("1", CONFIG!$A$2:$B$5, 2, 0),"") | Z36: =IF(1=1, IFERROR(VLOOKUP("06", Config!$J$2:$K$9, 2, 0),""), IFERROR(VLOOKUP("", Config!$J$2:$K$9, 2, 0),"")) | AA36: Không | AB36: =IFERROR(VLOOKUP("", CONFIG!$M$2:$N$8, 2, 0),"") | AC36: =IF(0=0, "", "0 tháng") | AD36: =IFERROR(VLOOKUP("1", CONFIG!$D$2:$E$8, 2, 0),"") | AE36: 14/11/2025 08:54:29 | AH36: 00
A37: =ROW()-ROW(A3) | B37: 13/11/2025 08:20:36 | C37: 799909865 | D37: OMG | E37: CAOQUYNH | F37: OMG208LCT001 | G37: 20407281816194048 | J37: 20407281816194048 | L37: 098xxxx091 | M37: NGUYN ** LU | N37: 813674xxxxxxxx8176 | Q37: 1005000 | R37: 1005000 | S37: 1: \1\1005000 | U37: VNPAYEWALLET | V37: =VLOOKUP("02", CONFIG!$G$2:$H$24, 2, 0) | X37: =IFERROR(VLOOKUP("09", CONFIG!$S$2:$T$12, 2, 0),"") | Y37: =IFERROR(VLOOKUP("1", CONFIG!$A$2:$B$5, 2, 0),"") | Z37: =IF(1=1, IFERROR(VLOOKUP("06", Config!$J$2:$K$9, 2, 0),""), IFERROR(VLOOKUP("", Config!$J$2:$K$9, 2, 0),"")) | AA37: Không | AB37: =IFERROR(VLOOKUP("", CONFIG!$M$2:$N$8, 2, 0),"") | AC37: =IF(0=0, "", "0 tháng") | AD37: =IFERROR(VLOOKUP("1", CONFIG!$D$2:$E$8, 2, 0),"") | AE37: 14/11/2025 08:20:36 | AH37: 00
A38: =ROW()-ROW(A3) | B38: 13/11/2025 08:17:46 | C38: 799907480 | D38: OMG | E38: CAOQUYNH | F38: OMG208LCT001 | G38: 20407269786463232 | J38: 20407269786463232 | L38: 039xxxx055 | M38: Nguyn ** ***** Tho | N38: 729714xxxxxxxx3888 | Q38: 1099000 | R38: 1099000 | S38: 1: \1\1099000 | U38: VNPAYEWALLET | V38: =VLOOKUP("02", CONFIG!$G$2:$H$24, 2, 0) | X38: =IFERROR(VLOOKUP("09", CONFIG!$S$2:$T$12, 2, 0),"") | Y38: =IFERROR(VLOOKUP("1", CONFIG!$A$2:$B$5, 2, 0),"") | Z38: =IF(1=1, IFERROR(VLOOKUP("06", Config!$J$2:$K$9, 2, 0),""), IFERROR(VLOOKUP("", Config!$J$2:$K$9, 2, 0),"")) | AA38: Không | AB38: =IFERROR(VLOOKUP("", CONFIG!$M$2:$N$8, 2, 0),"") | AC38: =IF(0=0, "", "0 tháng") | AD38: =IFERROR(VLOOKUP("1", CONFIG!$D$2:$E$8, 2, 0),"") | AE38: 14/11/2025 08:17:46 | AH38: 00
